dim,accuracy,precision_score,recall_score,f1_score
2D,0.9642857142857143,0.0,0.0,0.0
3D,0.9642857142857143,0.0,0.0,0.0
