data,accuracy,precision_score,recall_score,f1_score
data_1,0.9381443298969072,0.0,0.0,0.0
data_2,0.9081827917346956,0.0005827505827505828,0.03409090909090909,0.0011459129106187928
data_3,0.9616490891658677,0.0,0.0,0.0
