data,accuracy,precision_score,recall_score,f1_score
data_1,0.9642857142857143,0.0,0.0,0.0
data_2,0.9978617098596594,0.29473684210526313,0.17073170731707318,0.21621621621621623
data_3,0.9704754601226994,0.16666666666666666,0.006666666666666667,0.012820512820512822
