data,accuracy,precision_score,recall_score,f1_score
data_1,0.8633241758241759,0.15348837209302327,0.66,0.24905660377358493
data_2,0.93433799028816,0.02269986893840105,0.8800813008130082,0.044258189809372926
data_3,0.9049079754601227,0.005714285714285714,0.013333333333333334,0.008
