data,accuracy,precision_score,recall_score,f1_score
data_1,0.9649725274725275,0.45454545454545453,0.1,0.16393442622950818
data_2,0.9559140049226318,0.011183144246353322,0.2804878048780488,0.021508728179551122
data_3,0.9704754601226994,0.16666666666666666,0.006666666666666667,0.012820512820512822
